{"train loss": 5.001072883605957, "lr": 0.000288, "epoch": 1, "_runtime": 549, "_timestamp": 1638749264, "_step": 4}